"HITId","HITTypeId","Title","Description","Keywords","Reward","CreationTime","MaxAssignments","RequesterAnnotation","AssignmentDurationInSeconds","AutoApprovalDelayInSeconds","Expiration","NumberOfSimilarHITs","LifetimeInSeconds","AssignmentId","WorkerId","AssignmentStatus","AcceptTime","SubmitTime","AutoApprovalTime","ApprovalTime","RejectionTime","RequesterFeedback","WorkTimeInSeconds","LifetimeApprovalRate","Last30DaysApprovalRate","Last7DaysApprovalRate","Input.statement1a","Input.statement1b","Input.statement2a","Input.statement2b","Input.statement3a","Input.statement3b","Input.statement4a","Input.statement4b","Input.statement5a","Input.statement5b","Answer.Q1","Answer.Q2","Answer.Q3","Answer.Q4","Answer.Q5","Answer.comment1","Answer.comment2","Answer.comment3","Answer.comment4","Answer.comment5","Approve","Reject"
"3EN4YVUOUC6QW36BDUOLQ093EZ1XJ5","307S2DJ7IZ4QU0RW6NWHM8UDBS2A17","Compare the Meaning of Two Statements (v.2.5.15)","Compare two statements and rate how similar they are in meaning to each other.","Statements, Comparison, Semantics, Meaning, Similarity, Sentences, Text, Rating","$0.25","Wed Jan 07 10:03:58 GMT 2015","2","BatchId:1782133;","1800","172800","Wed Jan 14 10:03:58 GMT 2015","","","37C0GNLMHGH2WMKGSDYLB9WPEJ7D6Z","A1KGCOR8OXYR72","Submitted","Wed Jan 07 10:28:49 GMT 2015","Wed Jan 07 10:30:47 GMT 2015","Fri Jan 09 02:30:47 PST 2015","","","","118","100% (44/44)","100% (27/27)","0% (0/0)","I'm facing a similar situation; being Danish and living in (German-speaking) Austria.","An alternative would be to expose her solely or additionally to Hindi in daycare.","Creatine supplements can improve your ability to perform brief, intermittant, high intensity exercises.","What you're looking to do is increase your Anaerobic threshold Here's how it works.","3 is in the set of integers but not in the set of even numbers.","This is not a mathematical argument, so no mathematical response is necessary.","Another relevant resource might be Stephen Kosslyn's Clear and to the Point.","Not surprisingly, there's a huge load of stuff you need to consider when designing things for users.","these words refer to parts merging to form a whole. (the parts may also be encoded as part_1 and part_2.) there is a symmetrical relationship between the components that undergo the process, and afterwards the parts are consumed and are no longer distinct entities that are easily discernable or separable in the whole.","a collection of things that have been combined; an assemblage of separate parts or qualities","(0) On different topics.","(1) Not equivalent, but are on the same topic.","(1) Not equivalent, but are on the same topic.","(0) On different topics.","(0) On different topics.","","","","",""
"3EN4YVUOUC6QW36BDUOLQ093EZ1XJ5","307S2DJ7IZ4QU0RW6NWHM8UDBS2A17","Compare the Meaning of Two Statements (v.2.5.15)","Compare two statements and rate how similar they are in meaning to each other.","Statements, Comparison, Semantics, Meaning, Similarity, Sentences, Text, Rating","$0.25","Wed Jan 07 10:03:58 GMT 2015","2","BatchId:1782133;","1800","172800","Wed Jan 14 10:03:58 GMT 2015","","","39OWYR0EPL51DQ8IP2O3I0J3P6GFYC","A166A2M31CW2C7","Submitted","Wed Jan 07 10:28:35 GMT 2015","Wed Jan 07 10:31:09 GMT 2015","Fri Jan 09 02:31:09 PST 2015","","","","154","100% (81/81)","100% (81/81)","0% (0/0)","I'm facing a similar situation; being Danish and living in (German-speaking) Austria.","An alternative would be to expose her solely or additionally to Hindi in daycare.","Creatine supplements can improve your ability to perform brief, intermittant, high intensity exercises.","What you're looking to do is increase your Anaerobic threshold Here's how it works.","3 is in the set of integers but not in the set of even numbers.","This is not a mathematical argument, so no mathematical response is necessary.","Another relevant resource might be Stephen Kosslyn's Clear and to the Point.","Not surprisingly, there's a huge load of stuff you need to consider when designing things for users.","these words refer to parts merging to form a whole. (the parts may also be encoded as part_1 and part_2.) there is a symmetrical relationship between the components that undergo the process, and afterwards the parts are consumed and are no longer distinct entities that are easily discernable or separable in the whole.","a collection of things that have been combined; an assemblage of separate parts or qualities","(0) On different topics.","(1) Not equivalent, but are on the same topic.","(1) Not equivalent, but are on the same topic.","(0) On different topics.","(0) On different topics.","","","","",""
"3WJGKMRWVINPQJVOC26N9PTG8XHDC6","307S2DJ7IZ4QU0RW6NWHM8UDBS2A17","Compare the Meaning of Two Statements (v.2.5.15)","Compare two statements and rate how similar they are in meaning to each other.","Statements, Comparison, Semantics, Meaning, Similarity, Sentences, Text, Rating","$0.25","Wed Jan 07 10:03:58 GMT 2015","2","BatchId:1782133;","1800","172800","Wed Jan 14 10:03:58 GMT 2015","","","3G5W44VEU8WC7LFWW7TURD44S66KGK","A1KGCOR8OXYR72","Submitted","Wed Jan 07 10:31:39 GMT 2015","Wed Jan 07 10:32:50 GMT 2015","Fri Jan 09 02:32:50 PST 2015","","","","71","100% (44/44)","100% (27/27)","0% (0/0)","an agent manipulates an instrument in order to achieve a purpose.","put into service; make work or employ for a particular purpose or for its inherent or natural purpose;","I think it is still feasible to store seeds until the next year.","I haven't tried storing tomato seeds myself, but I have tried to store pepper seeds (and they are closely related).","I have the 35mm 1.8 and the 50mm 1.4 - and for people wanting thier 1st fixed prime I always point them at the 35mm 1.8 1st.","Only when we consider all these factors do we come up with a 'normal' focal length value of about 50mm.","Diet management of iodine intake for your cat is going to be very difficult with food intended for human consumption.","Science Hills now do a dry and wet food diet that is iodine-free, it's called y/d.","I disagree that the moniker “most extensive” should be applied to Dorothy Jones Heydt’s language.","The most extensive Vulcan language was made by fans in the 60's, especially by linguist Dorothy Jones Heydt.","(0) On different topics.","(2) Not equivalent, but share some details.","(1) Not equivalent, but are on the same topic.","(1) Not equivalent, but are on the same topic.","(2) Not equivalent, but share some details.","","","","",""
"3WJGKMRWVINPQJVOC26N9PTG8XHDC6","307S2DJ7IZ4QU0RW6NWHM8UDBS2A17","Compare the Meaning of Two Statements (v.2.5.15)","Compare two statements and rate how similar they are in meaning to each other.","Statements, Comparison, Semantics, Meaning, Similarity, Sentences, Text, Rating","$0.25","Wed Jan 07 10:03:58 GMT 2015","2","BatchId:1782133;","1800","172800","Wed Jan 14 10:03:58 GMT 2015","","","3SNVL38CI56ZQ9ZRULXB1MJPUEECK2","AGMJL8K9OMU64","Submitted","Wed Jan 07 10:19:33 GMT 2015","Wed Jan 07 10:21:36 GMT 2015","Fri Jan 09 02:21:36 PST 2015","","","","123","0% (0/0)","0% (0/0)","0% (0/0)","an agent manipulates an instrument in order to achieve a purpose.","put into service; make work or employ for a particular purpose or for its inherent or natural purpose;","I think it is still feasible to store seeds until the next year.","I haven't tried storing tomato seeds myself, but I have tried to store pepper seeds (and they are closely related).","I have the 35mm 1.8 and the 50mm 1.4 - and for people wanting thier 1st fixed prime I always point them at the 35mm 1.8 1st.","Only when we consider all these factors do we come up with a 'normal' focal length value of about 50mm.","Diet management of iodine intake for your cat is going to be very difficult with food intended for human consumption.","Science Hills now do a dry and wet food diet that is iodine-free, it's called y/d.","I disagree that the moniker “most extensive” should be applied to Dorothy Jones Heydt’s language.","The most extensive Vulcan language was made by fans in the 60's, especially by linguist Dorothy Jones Heydt.","(3) Roughly equivalent, but some important information differs/missing.","(1) Not equivalent, but are on the same topic.","(1) Not equivalent, but are on the same topic.","(1) Not equivalent, but are on the same topic.","(2) Not equivalent, but share some details.","","","","",""
"308KJXFUJRK8ETUNEEAB8YLEBGKTA3","307S2DJ7IZ4QU0RW6NWHM8UDBS2A17","Compare the Meaning of Two Statements (v.2.5.15)","Compare two statements and rate how similar they are in meaning to each other.","Statements, Comparison, Semantics, Meaning, Similarity, Sentences, Text, Rating","$0.25","Wed Jan 07 10:03:58 GMT 2015","2","BatchId:1782133;","1800","172800","Wed Jan 14 10:03:58 GMT 2015","","","3HMIGG0U4MKSYBYVHOIX882H221Y8C","AM2W23THD4CI7","Submitted","Wed Jan 07 10:12:44 GMT 2015","Wed Jan 07 10:14:14 GMT 2015","Fri Jan 09 02:14:14 PST 2015","","","","90","100% (66/66)","100% (66/66)","0% (0/0)","I think it predominately depends on how you are accessing the other university's resources.","I would not explicitly acknowledge people who have helped you access papers that you don't have access to.","In addition to Undo's fine answer, I would like to explain a bit about the motivation behind the definition.","The correct answer is 8 (Mercury, Venus, Earth, Mars, Jupiter, Saturn, Uranus, Neptune).","In Witness for the Defense, Elizabeth Loftus describes how police questioning can influence witnesses into recalling events that never happened.","The most interesting research is experimental work on grammatical gender and functional words (like prepositions).","Michael's answer is a very good one but I'd like to add a couple of details.","I believe this question puts the cart before the horse.","Agribusiness: Mad cow disease found in California","USDA Confirms Case of Mad Cow Disease in California","(0) On different topics.","(0) On different topics.","(0) On different topics.","(0) On different topics.","(5) Completely equivalent, as they mean the same thing.","","","","",""
"308KJXFUJRK8ETUNEEAB8YLEBGKTA3","307S2DJ7IZ4QU0RW6NWHM8UDBS2A17","Compare the Meaning of Two Statements (v.2.5.15)","Compare two statements and rate how similar they are in meaning to each other.","Statements, Comparison, Semantics, Meaning, Similarity, Sentences, Text, Rating","$0.25","Wed Jan 07 10:03:58 GMT 2015","2","BatchId:1782133;","1800","172800","Wed Jan 14 10:03:58 GMT 2015","","","3RGU30DZTBMHOB50PPRD33OO93IMJV","AGMJL8K9OMU64","Submitted","Wed Jan 07 10:22:46 GMT 2015","Wed Jan 07 10:24:11 GMT 2015","Fri Jan 09 02:24:11 PST 2015","","","","85","0% (0/0)","0% (0/0)","0% (0/0)","I think it predominately depends on how you are accessing the other university's resources.","I would not explicitly acknowledge people who have helped you access papers that you don't have access to.","In addition to Undo's fine answer, I would like to explain a bit about the motivation behind the definition.","The correct answer is 8 (Mercury, Venus, Earth, Mars, Jupiter, Saturn, Uranus, Neptune).","In Witness for the Defense, Elizabeth Loftus describes how police questioning can influence witnesses into recalling events that never happened.","The most interesting research is experimental work on grammatical gender and functional words (like prepositions).","Michael's answer is a very good one but I'd like to add a couple of details.","I believe this question puts the cart before the horse.","Agribusiness: Mad cow disease found in California","USDA Confirms Case of Mad Cow Disease in California","(1) Not equivalent, but are on the same topic.","(0) On different topics.","(0) On different topics.","(0) On different topics.","(3) Roughly equivalent, but some important information differs/missing.","","","","",""
"32TMVRKDGNCAEKMI2FPP4Z3R5T384I","307S2DJ7IZ4QU0RW6NWHM8UDBS2A17","Compare the Meaning of Two Statements (v.2.5.15)","Compare two statements and rate how similar they are in meaning to each other.","Statements, Comparison, Semantics, Meaning, Similarity, Sentences, Text, Rating","$0.25","Wed Jan 07 10:03:58 GMT 2015","2","BatchId:1782133;","1800","172800","Wed Jan 14 10:03:58 GMT 2015","","","337RC3OW06G69ON9624H6EKT4LYVLM","AM2W23THD4CI7","Submitted","Wed Jan 07 10:15:45 GMT 2015","Wed Jan 07 10:17:00 GMT 2015","Fri Jan 09 02:17:00 PST 2015","","","","75","100% (66/66)","100% (66/66)","0% (0/0)","The Soviet Union's invasion of Afghanistan in the late 20th century has its roots in the ""Great Game"" of the 19th century.","I think everyone who has posted here (@ihtkwot, @mgb, @Russell) have all brought up important points.","Neutered cats may, or may not, consider it less important to go outside and examine/defend their territory.","He is probably doing this to show his disapproval of you leaving for work everyday.","Most doctors do recommend rice cereal as the first food, as there is almost no worry of allergic reaction.","Eating off a spoon has to be an unusual experience for them.","Qaida leader calls for kidnap of Westerners in Egypt","Al-Qaida Leader Urges Kidnapping of Westerners","No, the orbiting rocket was not visible to the naked eye.","In the protostar stage of the Sun, it was surrounded by a (spinning) gas cloud.","(0) On different topics.","(0) On different topics.","(1) Not equivalent, but are on the same topic.","(5) Completely equivalent, as they mean the same thing.","(0) On different topics.","","","","",""
"32TMVRKDGNCAEKMI2FPP4Z3R5T384I","307S2DJ7IZ4QU0RW6NWHM8UDBS2A17","Compare the Meaning of Two Statements (v.2.5.15)","Compare two statements and rate how similar they are in meaning to each other.","Statements, Comparison, Semantics, Meaning, Similarity, Sentences, Text, Rating","$0.25","Wed Jan 07 10:03:58 GMT 2015","2","BatchId:1782133;","1800","172800","Wed Jan 14 10:03:58 GMT 2015","","","3WMINLGALCHTEWQ5IUKM78GTP2LACM","AGMJL8K9OMU64","Submitted","Wed Jan 07 10:26:50 GMT 2015","Wed Jan 07 10:28:25 GMT 2015","Fri Jan 09 02:28:25 PST 2015","","","","95","0% (0/0)","0% (0/0)","0% (0/0)","The Soviet Union's invasion of Afghanistan in the late 20th century has its roots in the ""Great Game"" of the 19th century.","I think everyone who has posted here (@ihtkwot, @mgb, @Russell) have all brought up important points.","Neutered cats may, or may not, consider it less important to go outside and examine/defend their territory.","He is probably doing this to show his disapproval of you leaving for work everyday.","Most doctors do recommend rice cereal as the first food, as there is almost no worry of allergic reaction.","Eating off a spoon has to be an unusual experience for them.","Qaida leader calls for kidnap of Westerners in Egypt","Al-Qaida Leader Urges Kidnapping of Westerners","No, the orbiting rocket was not visible to the naked eye.","In the protostar stage of the Sun, it was surrounded by a (spinning) gas cloud.","(0) On different topics.","(0) On different topics.","(1) Not equivalent, but are on the same topic.","(3) Roughly equivalent, but some important information differs/missing.","(0) On different topics.","","","","",""
"3ZXNP4Z39RZ2CEOKY2W0CG97GVSL71","307S2DJ7IZ4QU0RW6NWHM8UDBS2A17","Compare the Meaning of Two Statements (v.2.5.15)","Compare two statements and rate how similar they are in meaning to each other.","Statements, Comparison, Semantics, Meaning, Similarity, Sentences, Text, Rating","$0.25","Wed Jan 07 10:03:58 GMT 2015","2","BatchId:1782133;","1800","172800","Wed Jan 14 10:03:58 GMT 2015","","","3FTYUGLFSVZ6DIK2NUOGJ3IPIOWD5J","AGMJL8K9OMU64","Submitted","Wed Jan 07 10:28:25 GMT 2015","Wed Jan 07 10:29:39 GMT 2015","Fri Jan 09 02:29:39 PST 2015","","","","74","0% (0/0)","0% (0/0)","0% (0/0)","This sounds more like a cultural difference that is reflected in the usage of the language.","I've thought about your question for a while, and it seems a bit open-ended.","Putin Declares Victory in Russia Presidential Vote","Complaints in Russian election mount","The thing I like about Evernote is that this is all they do (for now).","Google keep is only Android and web, as far as I know.","This is an exceptionally difficult question to answer, because no-one actually knows the answer.","Are some people naturally gifted in writing, which means everyone else is doomed to mediocrity?","The one clear benefit of digital that I see is the ability to emulate color filters in software.","The most obvious, and most distinct, difference will be cost.","(0) On different topics.","(2) Not equivalent, but share some details.","(0) On different topics.","(0) On different topics.","(0) On different topics.","","","","",""
"3ZXNP4Z39RZ2CEOKY2W0CG97GVSL71","307S2DJ7IZ4QU0RW6NWHM8UDBS2A17","Compare the Meaning of Two Statements (v.2.5.15)","Compare two statements and rate how similar they are in meaning to each other.","Statements, Comparison, Semantics, Meaning, Similarity, Sentences, Text, Rating","$0.25","Wed Jan 07 10:03:58 GMT 2015","2","BatchId:1782133;","1800","172800","Wed Jan 14 10:03:58 GMT 2015","","","3Z4AIRP3C7RLN6O0D7NGAK80MQ31XR","AM2W23THD4CI7","Submitted","Wed Jan 07 10:17:03 GMT 2015","Wed Jan 07 10:18:04 GMT 2015","Fri Jan 09 02:18:04 PST 2015","","","","61","100% (66/66)","100% (66/66)","0% (0/0)","This sounds more like a cultural difference that is reflected in the usage of the language.","I've thought about your question for a while, and it seems a bit open-ended.","Putin Declares Victory in Russia Presidential Vote","Complaints in Russian election mount","The thing I like about Evernote is that this is all they do (for now).","Google keep is only Android and web, as far as I know.","This is an exceptionally difficult question to answer, because no-one actually knows the answer.","Are some people naturally gifted in writing, which means everyone else is doomed to mediocrity?","The one clear benefit of digital that I see is the ability to emulate color filters in software.","The most obvious, and most distinct, difference will be cost.","(0) On different topics.","(1) Not equivalent, but are on the same topic.","(0) On different topics.","(0) On different topics.","(0) On different topics.","","","","",""
"3R15W654VD7CIWTZU156C7Q2LLKQL4","307S2DJ7IZ4QU0RW6NWHM8UDBS2A17","Compare the Meaning of Two Statements (v.2.5.15)","Compare two statements and rate how similar they are in meaning to each other.","Statements, Comparison, Semantics, Meaning, Similarity, Sentences, Text, Rating","$0.25","Wed Jan 07 10:03:58 GMT 2015","2","BatchId:1782133;","1800","172800","Wed Jan 14 10:03:58 GMT 2015","","","36H9ULYP638BI1DJ32N08D4FC26FJH","AGMJL8K9OMU64","Submitted","Wed Jan 07 10:40:07 GMT 2015","Wed Jan 07 10:41:53 GMT 2015","Fri Jan 09 02:41:53 PST 2015","","","","106","0% (0/0)","0% (0/0)","0% (0/0)","Yes, SU did its best to make sure that its satellites were controlled as tightly as possible.","This is unfortunately the only source I could find which describes COMECON's imperialist tendencies in great detail.","Because there is a difference between the electrical states of the two terminals.","A battery uses a chemical reaction to maintain different electrical states at the terminals","Because one of the bulb terminals is bad, and the other ones are good.","Terminals 4, 5 and 6 are connected to the positive battery terminal","You think that minor changes would make the scale better (e.g., by adding/removing an item; tweaking the wording).","If you change the items in a questionnaire, you have a different questionnaire.","9/11 defendants ignore judge at Guantanamo hearing","Sept. 11 defendants enrage families at hearing","(0) On different topics.","(2) Not equivalent, but share some details.","(1) Not equivalent, but are on the same topic.","(1) Not equivalent, but are on the same topic.","(2) Not equivalent, but share some details.","","","","",""
"3R15W654VD7CIWTZU156C7Q2LLKQL4","307S2DJ7IZ4QU0RW6NWHM8UDBS2A17","Compare the Meaning of Two Statements (v.2.5.15)","Compare two statements and rate how similar they are in meaning to each other.","Statements, Comparison, Semantics, Meaning, Similarity, Sentences, Text, Rating","$0.25","Wed Jan 07 10:03:58 GMT 2015","2","BatchId:1782133;","1800","172800","Wed Jan 14 10:03:58 GMT 2015","","","3II4UPYCOKLV64307MCJHEDGEKHQD7","A166A2M31CW2C7","Submitted","Wed Jan 07 10:12:41 GMT 2015","Wed Jan 07 10:14:31 GMT 2015","Fri Jan 09 02:14:31 PST 2015","","","","110","100% (81/81)","100% (81/81)","0% (0/0)","Yes, SU did its best to make sure that its satellites were controlled as tightly as possible.","This is unfortunately the only source I could find which describes COMECON's imperialist tendencies in great detail.","Because there is a difference between the electrical states of the two terminals.","A battery uses a chemical reaction to maintain different electrical states at the terminals","Because one of the bulb terminals is bad, and the other ones are good.","Terminals 4, 5 and 6 are connected to the positive battery terminal","You think that minor changes would make the scale better (e.g., by adding/removing an item; tweaking the wording).","If you change the items in a questionnaire, you have a different questionnaire.","9/11 defendants ignore judge at Guantanamo hearing","Sept. 11 defendants enrage families at hearing","(0) On different topics.","(3) Roughly equivalent, but some important information differs/missing.","(1) Not equivalent, but are on the same topic.","(0) On different topics.","(1) Not equivalent, but are on the same topic.","","","","",""
"38G0E1M85MJ76UCAPERH9HLTF4RUVV","307S2DJ7IZ4QU0RW6NWHM8UDBS2A17","Compare the Meaning of Two Statements (v.2.5.15)","Compare two statements and rate how similar they are in meaning to each other.","Statements, Comparison, Semantics, Meaning, Similarity, Sentences, Text, Rating","$0.25","Wed Jan 07 10:03:58 GMT 2015","2","BatchId:1782133;","1800","172800","Wed Jan 14 10:03:58 GMT 2015","","","3EF8EXOTT29KSMJBW38FJB0LBSOJ1L","A166A2M31CW2C7","Submitted","Wed Jan 07 10:42:17 GMT 2015","Wed Jan 07 10:44:40 GMT 2015","Fri Jan 09 02:44:40 PST 2015","","","","143","100% (81/81)","100% (81/81)","0% (0/0)","There is no difference in electrical states.","Terminals 1, 2 and 3 are separated from the positive battery terminal by a gap","Terminal 4 is connected to the positive battery terminal.","Terminal 5 and the positive terminal are connected","Egyptians to vote for new president","Somali MPs to elect new president","because the battery is not in a closed circuit","The battery in 2 is not in a closed path","Not contained in a closed path","Bulb C was not in a closed path","(1) Not equivalent, but are on the same topic.","(3) Roughly equivalent, but some important information differs/missing.","(1) Not equivalent, but are on the same topic.","(2) Not equivalent, but share some details.","(3) Roughly equivalent, but some important information differs/missing.","","","","",""
"38G0E1M85MJ76UCAPERH9HLTF4RUVV","307S2DJ7IZ4QU0RW6NWHM8UDBS2A17","Compare the Meaning of Two Statements (v.2.5.15)","Compare two statements and rate how similar they are in meaning to each other.","Statements, Comparison, Semantics, Meaning, Similarity, Sentences, Text, Rating","$0.25","Wed Jan 07 10:03:58 GMT 2015","2","BatchId:1782133;","1800","172800","Wed Jan 14 10:03:58 GMT 2015","","","3SBEHTYCWOHLNHA8QAUOLXWV5Y8IY6","AGMJL8K9OMU64","Submitted","Wed Jan 07 10:40:55 GMT 2015","Wed Jan 07 10:46:17 GMT 2015","Fri Jan 09 02:46:17 PST 2015","","","","322","0% (0/0)","0% (0/0)","0% (0/0)","There is no difference in electrical states.","Terminals 1, 2 and 3 are separated from the positive battery terminal by a gap","Terminal 4 is connected to the positive battery terminal.","Terminal 5 and the positive terminal are connected","Egyptians to vote for new president","Somali MPs to elect new president","because the battery is not in a closed circuit","The battery in 2 is not in a closed path","Not contained in a closed path","Bulb C was not in a closed path","(1) Not equivalent, but are on the same topic.","(3) Roughly equivalent, but some important information differs/missing.","(0) On different topics.","(3) Roughly equivalent, but some important information differs/missing.","(3) Roughly equivalent, but some important information differs/missing.","","","","",""
"3L4YG5VW9N6ZVB12CY1YTVBYTXTDD6","307S2DJ7IZ4QU0RW6NWHM8UDBS2A17","Compare the Meaning of Two Statements (v.2.5.15)","Compare two statements and rate how similar they are in meaning to each other.","Statements, Comparison, Semantics, Meaning, Similarity, Sentences, Text, Rating","$0.25","Wed Jan 07 10:03:58 GMT 2015","2","BatchId:1782133;","1800","172800","Wed Jan 14 10:03:58 GMT 2015","","","36V4Q8R5ZLEYAY9DKFBM040ANY9QMP","AGMJL8K9OMU64","Submitted","Wed Jan 07 10:16:05 GMT 2015","Wed Jan 07 10:18:10 GMT 2015","Fri Jan 09 02:18:10 PST 2015","","","","125","0% (0/0)","0% (0/0)","0% (0/0)","open switch and broken bulb are the same","The damaged bulb and the other bulb must be contained in the same path","the battery is not connected to the bulb","The bulb is not in the closed path containing the battery","Gazans fire 2 rockets into Israel; no injuries","Gazans fire 89 rockets; cabinet approves reserve call-up","bulbs b and c creat a gap in the path","Bulb B is in a separate path","bulbs b and c remain in a closed path with the battery","bulbs B and C are still in closed paths with the battery","(1) Not equivalent, but are on the same topic.","(4) Mostly equivalent, but some unimportant details differ.","(2) Not equivalent, but share some details.","(2) Not equivalent, but share some details.","(5) Completely equivalent, as they mean the same thing.","","","","",""
"3L4YG5VW9N6ZVB12CY1YTVBYTXTDD6","307S2DJ7IZ4QU0RW6NWHM8UDBS2A17","Compare the Meaning of Two Statements (v.2.5.15)","Compare two statements and rate how similar they are in meaning to each other.","Statements, Comparison, Semantics, Meaning, Similarity, Sentences, Text, Rating","$0.25","Wed Jan 07 10:03:58 GMT 2015","2","BatchId:1782133;","1800","172800","Wed Jan 14 10:03:58 GMT 2015","","","3L4PIM1GQUUYGGDRGXOXZPXMSUPYRO","A166A2M31CW2C7","Submitted","Wed Jan 07 10:19:23 GMT 2015","Wed Jan 07 10:22:08 GMT 2015","Fri Jan 09 02:22:08 PST 2015","","","","165","100% (81/81)","100% (81/81)","0% (0/0)","open switch and broken bulb are the same","The damaged bulb and the other bulb must be contained in the same path","the battery is not connected to the bulb","The bulb is not in the closed path containing the battery","Gazans fire 2 rockets into Israel; no injuries","Gazans fire 89 rockets; cabinet approves reserve call-up","bulbs b and c creat a gap in the path","Bulb B is in a separate path","bulbs b and c remain in a closed path with the battery","bulbs B and C are still in closed paths with the battery","(2) Not equivalent, but share some details.","(4) Mostly equivalent, but some unimportant details differ.","(3) Roughly equivalent, but some important information differs/missing.","(2) Not equivalent, but share some details.","(5) Completely equivalent, as they mean the same thing.","","","","",""
"36818Z1KV3R3FCWTZZ4KQLHGHH73AW","307S2DJ7IZ4QU0RW6NWHM8UDBS2A17","Compare the Meaning of Two Statements (v.2.5.15)","Compare two statements and rate how similar they are in meaning to each other.","Statements, Comparison, Semantics, Meaning, Similarity, Sentences, Text, Rating","$0.25","Wed Jan 07 10:03:58 GMT 2015","2","BatchId:1782133;","1800","172800","Wed Jan 14 10:03:58 GMT 2015","","","39O5D9O87U6TUBRK9F5CK02NJSSC3R","AM2W23THD4CI7","Submitted","Wed Jan 07 10:14:18 GMT 2015","Wed Jan 07 10:15:37 GMT 2015","Fri Jan 09 02:15:37 PST 2015","","","","79","100% (66/66)","100% (66/66)","0% (0/0)","there is no gap between the positive battery terminal and terminal 5","There is no gap between terminal 5 and the positive terminal","there is no gap between the positive battery terminal and terminal 4","There is no gap between terminal 5 and the positive terminal","put heels on a shoe","put a new heel on.","there is still a closed path that contains the battery, bulb b, and bulb c","bulbs B and C are still in closed paths with the battery","there is a closed path","If C burns out, then A and B are still in a closed path.","(5) Completely equivalent, as they mean the same thing.","(3) Roughly equivalent, but some important information differs/missing.","(4) Mostly equivalent, but some unimportant details differ.","(5) Completely equivalent, as they mean the same thing.","(3) Roughly equivalent, but some important information differs/missing.","","","","",""
"36818Z1KV3R3FCWTZZ4KQLHGHH73AW","307S2DJ7IZ4QU0RW6NWHM8UDBS2A17","Compare the Meaning of Two Statements (v.2.5.15)","Compare two statements and rate how similar they are in meaning to each other.","Statements, Comparison, Semantics, Meaning, Similarity, Sentences, Text, Rating","$0.25","Wed Jan 07 10:03:58 GMT 2015","2","BatchId:1782133;","1800","172800","Wed Jan 14 10:03:58 GMT 2015","","","3UWN2HHPUZJG5W9QOKFR8J4BAC5SNH","A1KGCOR8OXYR72","Submitted","Wed Jan 07 10:33:57 GMT 2015","Wed Jan 07 10:34:34 GMT 2015","Fri Jan 09 02:34:34 PST 2015","","","","37","100% (44/44)","100% (27/27)","0% (0/0)","there is no gap between the positive battery terminal and terminal 5","There is no gap between terminal 5 and the positive terminal","there is no gap between the positive battery terminal and terminal 4","There is no gap between terminal 5 and the positive terminal","put heels on a shoe","put a new heel on.","there is still a closed path that contains the battery, bulb b, and bulb c","bulbs B and C are still in closed paths with the battery","there is a closed path","If C burns out, then A and B are still in a closed path.","(5) Completely equivalent, as they mean the same thing.","(2) Not equivalent, but share some details.","(3) Roughly equivalent, but some important information differs/missing.","(5) Completely equivalent, as they mean the same thing.","(3) Roughly equivalent, but some important information differs/missing.","","","","",""
"3ZRKL6Z1E8H89KUBBEXVUF0V7SISGO","307S2DJ7IZ4QU0RW6NWHM8UDBS2A17","Compare the Meaning of Two Statements (v.2.5.15)","Compare two statements and rate how similar they are in meaning to each other.","Statements, Comparison, Semantics, Meaning, Similarity, Sentences, Text, Rating","$0.25","Wed Jan 07 10:03:58 GMT 2015","2","BatchId:1782133;","1800","172800","Wed Jan 14 10:03:58 GMT 2015","","","3P529IW9KZZHDR1J6NZDOSH7GRCLFQ","A166A2M31CW2C7","Submitted","Wed Jan 07 10:39:30 GMT 2015","Wed Jan 07 10:42:16 GMT 2015","Fri Jan 09 02:42:16 PST 2015","","","","166","100% (81/81)","100% (81/81)","0% (0/0)","don't even want to imagine pitocin-induced contrax.","i can't even put it into words.","the act of combining, blending, integrating","the act of chipping something.","(or seem to by not just saying it doesn't.)","sorry, you just don't.","compared to any historical standard of living that has ever existed in the history of the human race?","every true monopoly that has ever existed has been government enforced.","he might be killed and that would be even harder on israeli pr.","it might not be even his fault.","(0) On different topics.","(0) On different topics.","(0) On different topics.","(0) On different topics.","(0) On different topics.","","","","",""
"3ZRKL6Z1E8H89KUBBEXVUF0V7SISGO","307S2DJ7IZ4QU0RW6NWHM8UDBS2A17","Compare the Meaning of Two Statements (v.2.5.15)","Compare two statements and rate how similar they are in meaning to each other.","Statements, Comparison, Semantics, Meaning, Similarity, Sentences, Text, Rating","$0.25","Wed Jan 07 10:03:58 GMT 2015","2","BatchId:1782133;","1800","172800","Wed Jan 14 10:03:58 GMT 2015","","","3R6P78PK7LPBA45JQG7MS4R0BJWTGY","AGMJL8K9OMU64","Submitted","Wed Jan 07 10:24:11 GMT 2015","Wed Jan 07 10:25:16 GMT 2015","Fri Jan 09 02:25:16 PST 2015","","","","65","0% (0/0)","0% (0/0)","0% (0/0)","don't even want to imagine pitocin-induced contrax.","i can't even put it into words.","the act of combining, blending, integrating","the act of chipping something.","(or seem to by not just saying it doesn't.)","sorry, you just don't.","compared to any historical standard of living that has ever existed in the history of the human race?","every true monopoly that has ever existed has been government enforced.","he might be killed and that would be even harder on israeli pr.","it might not be even his fault.","(0) On different topics.","(0) On different topics.","(0) On different topics.","(1) Not equivalent, but are on the same topic.","(1) Not equivalent, but are on the same topic.","","","","",""
"3NOEP8XAU4GMIE9987T5NWVFNY7PXX","307S2DJ7IZ4QU0RW6NWHM8UDBS2A17","Compare the Meaning of Two Statements (v.2.5.15)","Compare two statements and rate how similar they are in meaning to each other.","Statements, Comparison, Semantics, Meaning, Similarity, Sentences, Text, Rating","$0.25","Wed Jan 07 10:03:58 GMT 2015","2","BatchId:1782133;","1800","172800","Wed Jan 14 10:03:58 GMT 2015","","","354GIDR5ZCKDJRX7ECU9N12F7RC00S","A1KGCOR8OXYR72","Submitted","Wed Jan 07 10:30:50 GMT 2015","Wed Jan 07 10:31:35 GMT 2015","Fri Jan 09 02:31:35 PST 2015","","","","45","100% (44/44)","100% (27/27)","0% (0/0)","hopefully we find out more as more light is shed on all of this.","don't you follow, and want our laws to follow all of leviticus?","i don't know who you refer to, walter.","i just don't know what to do for the best!","the summary of a communication","the intended meaning of a communication.","i had planned none of this, so i had little to share.","japan under the army had no intention of surrender.","i hold my opinions in or let them out its very negative for me.","i tried on several occasions to get written replies but they were never forthcoming.","(0) On different topics.","(0) On different topics.","(2) Not equivalent, but share some details.","(0) On different topics.","(0) On different topics.","","","","",""
"3NOEP8XAU4GMIE9987T5NWVFNY7PXX","307S2DJ7IZ4QU0RW6NWHM8UDBS2A17","Compare the Meaning of Two Statements (v.2.5.15)","Compare two statements and rate how similar they are in meaning to each other.","Statements, Comparison, Semantics, Meaning, Similarity, Sentences, Text, Rating","$0.25","Wed Jan 07 10:03:58 GMT 2015","2","BatchId:1782133;","1800","172800","Wed Jan 14 10:03:58 GMT 2015","","","37M28K1J0RRGMAWBSM18UCTOFMTJA8","AGMJL8K9OMU64","Submitted","Wed Jan 07 10:12:48 GMT 2015","Wed Jan 07 10:14:45 GMT 2015","Fri Jan 09 02:14:45 PST 2015","","","","117","0% (0/0)","0% (0/0)","0% (0/0)","hopefully we find out more as more light is shed on all of this.","don't you follow, and want our laws to follow all of leviticus?","i don't know who you refer to, walter.","i just don't know what to do for the best!","the summary of a communication","the intended meaning of a communication.","i had planned none of this, so i had little to share.","japan under the army had no intention of surrender.","i hold my opinions in or let them out its very negative for me.","i tried on several occasions to get written replies but they were never forthcoming.","(0) On different topics.","(0) On different topics.","(3) Roughly equivalent, but some important information differs/missing.","(0) On different topics.","(0) On different topics.","","","","",""
"3IJ95K7NDXQBT7263IG9VLQPKTANG7","307S2DJ7IZ4QU0RW6NWHM8UDBS2A17","Compare the Meaning of Two Statements (v.2.5.15)","Compare two statements and rate how similar they are in meaning to each other.","Statements, Comparison, Semantics, Meaning, Similarity, Sentences, Text, Rating","$0.25","Wed Jan 07 10:03:58 GMT 2015","2","BatchId:1782133;","1800","172800","Wed Jan 14 10:03:58 GMT 2015","","","30H4UDGLT3WDAM8YK2WX0ZA0I2OMPV","AGMJL8K9OMU64","Submitted","Wed Jan 07 10:29:39 GMT 2015","Wed Jan 07 10:31:14 GMT 2015","Fri Jan 09 02:31:14 PST 2015","","","","95","0% (0/0)","0% (0/0)","0% (0/0)","it is irrelevant that race is not a valid biological phenomenon as long as it is an observable phenomenon.","being an american is not a valid biological phenomenon either, yet, all of you consider yourselves americans.","the termination, ending of a meeting","the termination of a meeting.","six months is the minimum recommended by financial planners.","add into it the disruption of their financial connections.","next to that you have all those people coming back or staying there with terrible emotional impressions and memories.","i need to set these things correct so that the record will be clear testimonyat rex's sanity hearing.","people who design the robots.","move to where the food is..","(2) Not equivalent, but share some details.","(4) Mostly equivalent, but some unimportant details differ.","(1) Not equivalent, but are on the same topic.","(0) On different topics.","(0) On different topics.","","","","",""
"3IJ95K7NDXQBT7263IG9VLQPKTANG7","307S2DJ7IZ4QU0RW6NWHM8UDBS2A17","Compare the Meaning of Two Statements (v.2.5.15)","Compare two statements and rate how similar they are in meaning to each other.","Statements, Comparison, Semantics, Meaning, Similarity, Sentences, Text, Rating","$0.25","Wed Jan 07 10:03:58 GMT 2015","2","BatchId:1782133;","1800","172800","Wed Jan 14 10:03:58 GMT 2015","","","3X87C8JFV7P18TMI4C78CDZGFNSSQ4","A1KGCOR8OXYR72","Submitted","Wed Jan 07 10:43:28 GMT 2015","Wed Jan 07 10:44:32 GMT 2015","Fri Jan 09 02:44:32 PST 2015","","","","64","100% (44/44)","100% (27/27)","0% (0/0)","it is irrelevant that race is not a valid biological phenomenon as long as it is an observable phenomenon.","being an american is not a valid biological phenomenon either, yet, all of you consider yourselves americans.","the termination, ending of a meeting","the termination of a meeting.","six months is the minimum recommended by financial planners.","add into it the disruption of their financial connections.","next to that you have all those people coming back or staying there with terrible emotional impressions and memories.","i need to set these things correct so that the record will be clear testimonyat rex's sanity hearing.","people who design the robots.","move to where the food is..","(1) Not equivalent, but are on the same topic.","(5) Completely equivalent, as they mean the same thing.","(1) Not equivalent, but are on the same topic.","(0) On different topics.","(0) On different topics.","","","","",""
"3UL5XDRDNCXSA3QIGK8Z9R955PY85N","307S2DJ7IZ4QU0RW6NWHM8UDBS2A17","Compare the Meaning of Two Statements (v.2.5.15)","Compare two statements and rate how similar they are in meaning to each other.","Statements, Comparison, Semantics, Meaning, Similarity, Sentences, Text, Rating","$0.25","Wed Jan 07 10:03:58 GMT 2015","2","BatchId:1782133;","1800","172800","Wed Jan 14 10:03:58 GMT 2015","","","3I33IC7ZWGGGGEY3L1VGVV77DB82A5","A166A2M31CW2C7","Submitted","Wed Jan 07 10:22:09 GMT 2015","Wed Jan 07 10:25:24 GMT 2015","Fri Jan 09 02:25:24 PST 2015","","","","195","100% (81/81)","100% (81/81)","0% (0/0)","the way the system is designed, not much more than this is practically possible.","the father is not a public figure and is a private citizen.","so - if they are at little risk of re-offending - what do we do?","just when was that little bit of legislation signed into law?","take in (mentally or physically)","take (gas, light or heat) into a solution.","the nature was so amazing...","ah, so many amazing memories...","they never get presidential attendence do they?","but the police have to do something, don't they?","(0) On different topics.","(0) On different topics.","(0) On different topics.","(0) On different topics.","(0) On different topics.","","","","",""
"3UL5XDRDNCXSA3QIGK8Z9R955PY85N","307S2DJ7IZ4QU0RW6NWHM8UDBS2A17","Compare the Meaning of Two Statements (v.2.5.15)","Compare two statements and rate how similar they are in meaning to each other.","Statements, Comparison, Semantics, Meaning, Similarity, Sentences, Text, Rating","$0.25","Wed Jan 07 10:03:58 GMT 2015","2","BatchId:1782133;","1800","172800","Wed Jan 14 10:03:58 GMT 2015","","","3S3AMIZX3VJRC3TH24BOX9OZA5IDCR","AGMJL8K9OMU64","Submitted","Wed Jan 07 10:38:59 GMT 2015","Wed Jan 07 10:40:06 GMT 2015","Fri Jan 09 02:40:06 PST 2015","","","","67","0% (0/0)","0% (0/0)","0% (0/0)","the way the system is designed, not much more than this is practically possible.","the father is not a public figure and is a private citizen.","so - if they are at little risk of re-offending - what do we do?","just when was that little bit of legislation signed into law?","take in (mentally or physically)","take (gas, light or heat) into a solution.","the nature was so amazing...","ah, so many amazing memories...","they never get presidential attendence do they?","but the police have to do something, don't they?","(Select the degree of similarity for the two sentences above)","(0) On different topics.","(0) On different topics.","(0) On different topics.","(0) On different topics.","","","","",""
"3SSN80MU8C2L7NCTVFOXRF9GTO1XK4","307S2DJ7IZ4QU0RW6NWHM8UDBS2A17","Compare the Meaning of Two Statements (v.2.5.15)","Compare two statements and rate how similar they are in meaning to each other.","Statements, Comparison, Semantics, Meaning, Similarity, Sentences, Text, Rating","$0.25","Wed Jan 07 10:03:58 GMT 2015","2","BatchId:1782133;","1800","172800","Wed Jan 14 10:03:58 GMT 2015","","","34YB12FSQZ27X9FZHJ6A6QW8HB1GML","AGMJL8K9OMU64","Submitted","Wed Jan 07 10:14:46 GMT 2015","Wed Jan 07 10:16:05 GMT 2015","Fri Jan 09 02:16:05 PST 2015","","","","79","0% (0/0)","0% (0/0)","0% (0/0)","issues about others , discuss them cautiously ;","we had better be cautious saying anything about other people ;","well, us sellers should see some improvement with regard to the hassles involved with non-payers once the shopping cart goes into effect site wide.","the bill was passed in the lower house of the french parliament in december, but it needs to be approved by the senate to go into effect.","until two days ago, i didn't know they actually made guns for kids (and i'm not talking about toy guns).","source thomas do you have data on how the insurance industry is preparing for or speaking about gw?","your first-aid kit contains two pints of coffee with an i.v.","fdny is city government and they were on site since the planes hit.","36 militants killed in Afghan raids","35 militants killed in Afghan raids: official","(4) Mostly equivalent, but some unimportant details differ.","(0) On different topics.","(0) On different topics.","(0) On different topics.","(3) Roughly equivalent, but some important information differs/missing.","","","","",""
"3SSN80MU8C2L7NCTVFOXRF9GTO1XK4","307S2DJ7IZ4QU0RW6NWHM8UDBS2A17","Compare the Meaning of Two Statements (v.2.5.15)","Compare two statements and rate how similar they are in meaning to each other.","Statements, Comparison, Semantics, Meaning, Similarity, Sentences, Text, Rating","$0.25","Wed Jan 07 10:03:58 GMT 2015","2","BatchId:1782133;","1800","172800","Wed Jan 14 10:03:58 GMT 2015","","","3K4J6M3CXF76V86AKGG5XZ18NUDGA2","A1KGCOR8OXYR72","Submitted","Wed Jan 07 10:40:31 GMT 2015","Wed Jan 07 10:43:27 GMT 2015","Fri Jan 09 02:43:27 PST 2015","","","","176","100% (44/44)","100% (27/27)","0% (0/0)","issues about others , discuss them cautiously ;","we had better be cautious saying anything about other people ;","well, us sellers should see some improvement with regard to the hassles involved with non-payers once the shopping cart goes into effect site wide.","the bill was passed in the lower house of the french parliament in december, but it needs to be approved by the senate to go into effect.","until two days ago, i didn't know they actually made guns for kids (and i'm not talking about toy guns).","source thomas do you have data on how the insurance industry is preparing for or speaking about gw?","your first-aid kit contains two pints of coffee with an i.v.","fdny is city government and they were on site since the planes hit.","36 militants killed in Afghan raids","35 militants killed in Afghan raids: official","(5) Completely equivalent, as they mean the same thing.","(0) On different topics.","(0) On different topics.","(0) On different topics.","(3) Roughly equivalent, but some important information differs/missing.","","","","",""
"3XBXDSS888XWRTUBGF0Y6FMVIO6XL7","307S2DJ7IZ4QU0RW6NWHM8UDBS2A17","Compare the Meaning of Two Statements (v.2.5.15)","Compare two statements and rate how similar they are in meaning to each other.","Statements, Comparison, Semantics, Meaning, Similarity, Sentences, Text, Rating","$0.25","Wed Jan 07 10:03:58 GMT 2015","2","BatchId:1782133;","1800","172800","Wed Jan 14 10:03:58 GMT 2015","","","3ZPBJO59KQFITB4XOWPP80LFNXNDH0","AGMJL8K9OMU64","Submitted","Wed Jan 07 10:40:32 GMT 2015","Wed Jan 07 10:43:50 GMT 2015","Fri Jan 09 02:43:50 PST 2015","","","","198","0% (0/0)","0% (0/0)","0% (0/0)","Air strikes kills dozens in northern Syria","Ukraine will not give 'an inch' over Crimea","China preparing for Diaoyutai conflict: expert","China seeking foreign counterterror experts","China manufacturing index at 11-month low: HSBC","China manufacturing expands in September","France cleared to impose controversial 'millionaire tax'","Manila to increase counter-terror team","And what were the difficulties that you faced until reaching the membership of the Advisory Council?","And the leader of the difficulties that were exposed even reached the membership of the Shura Council.","(0) On different topics.","(2) Not equivalent, but share some details.","(1) Not equivalent, but are on the same topic.","(0) On different topics.","(0) On different topics.","","","","",""
"3XBXDSS888XWRTUBGF0Y6FMVIO6XL7","307S2DJ7IZ4QU0RW6NWHM8UDBS2A17","Compare the Meaning of Two Statements (v.2.5.15)","Compare two statements and rate how similar they are in meaning to each other.","Statements, Comparison, Semantics, Meaning, Similarity, Sentences, Text, Rating","$0.25","Wed Jan 07 10:03:58 GMT 2015","2","BatchId:1782133;","1800","172800","Wed Jan 14 10:03:58 GMT 2015","","","3ZR9AIQJUCNUIFF8XDHBZ4SSO3S048","A1KGCOR8OXYR72","Submitted","Wed Jan 07 10:35:22 GMT 2015","Wed Jan 07 10:36:10 GMT 2015","Fri Jan 09 02:36:10 PST 2015","","","","48","100% (44/44)","100% (27/27)","0% (0/0)","Air strikes kills dozens in northern Syria","Ukraine will not give 'an inch' over Crimea","China preparing for Diaoyutai conflict: expert","China seeking foreign counterterror experts","China manufacturing index at 11-month low: HSBC","China manufacturing expands in September","France cleared to impose controversial 'millionaire tax'","Manila to increase counter-terror team","And what were the difficulties that you faced until reaching the membership of the Advisory Council?","And the leader of the difficulties that were exposed even reached the membership of the Shura Council.","(0) On different topics.","(1) Not equivalent, but are on the same topic.","(1) Not equivalent, but are on the same topic.","(0) On different topics.","(2) Not equivalent, but share some details.","","","","",""
"3ABAOCJ4R8IWOEBKUD6LCK5RLQAQM6","307S2DJ7IZ4QU0RW6NWHM8UDBS2A17","Compare the Meaning of Two Statements (v.2.5.15)","Compare two statements and rate how similar they are in meaning to each other.","Statements, Comparison, Semantics, Meaning, Similarity, Sentences, Text, Rating","$0.25","Wed Jan 07 10:03:58 GMT 2015","2","BatchId:1782133;","1800","172800","Wed Jan 14 10:03:58 GMT 2015","","","33CKWXB73KYDX5376E29FB4ZHBN11Y","A166A2M31CW2C7","Submitted","Wed Jan 07 10:14:32 GMT 2015","Wed Jan 07 10:19:22 GMT 2015","Fri Jan 09 02:19:22 PST 2015","","","","290","100% (81/81)","100% (81/81)","0% (0/0)","N Korea postpones family reunions","North Korea postpones war-torn family unions","ICC Champions Trophy: India vs South Africa","Champions Trophy: India v South AfricaLive","Malaysian investigators conclude flight hijacked","Malaysia Airlines: Investigators conclude Flight MH 370 hijacked","Kim Jong-un Executed His 'Worse Than a Dog' Uncle","NKorea executes Kim Jong Un' uncle","This will be the first Chinese enterprise to list directly on the Tokyo Stock Exchange's main board.","this will be the first venture in china promptly put on the tse 's the first section .","(4) Mostly equivalent, but some unimportant details differ.","(4) Mostly equivalent, but some unimportant details differ.","(4) Mostly equivalent, but some unimportant details differ.","(4) Mostly equivalent, but some unimportant details differ.","(2) Not equivalent, but share some details.","","","","",""
"3ABAOCJ4R8IWOEBKUD6LCK5RLQAQM6","307S2DJ7IZ4QU0RW6NWHM8UDBS2A17","Compare the Meaning of Two Statements (v.2.5.15)","Compare two statements and rate how similar they are in meaning to each other.","Statements, Comparison, Semantics, Meaning, Similarity, Sentences, Text, Rating","$0.25","Wed Jan 07 10:03:58 GMT 2015","2","BatchId:1782133;","1800","172800","Wed Jan 14 10:03:58 GMT 2015","","","3NGMS9VZTMWVDZRNKCWFTFCNJVPFFE","AGMJL8K9OMU64","Submitted","Wed Jan 07 10:35:14 GMT 2015","Wed Jan 07 10:37:09 GMT 2015","Fri Jan 09 02:37:09 PST 2015","","","","115","0% (0/0)","0% (0/0)","0% (0/0)","N Korea postpones family reunions","North Korea postpones war-torn family unions","ICC Champions Trophy: India vs South Africa","Champions Trophy: India v South AfricaLive","Malaysian investigators conclude flight hijacked","Malaysia Airlines: Investigators conclude Flight MH 370 hijacked","Kim Jong-un Executed His 'Worse Than a Dog' Uncle","NKorea executes Kim Jong Un' uncle","This will be the first Chinese enterprise to list directly on the Tokyo Stock Exchange's main board.","this will be the first venture in china promptly put on the tse 's the first section .","(4) Mostly equivalent, but some unimportant details differ.","(4) Mostly equivalent, but some unimportant details differ.","(3) Roughly equivalent, but some important information differs/missing.","(2) Not equivalent, but share some details.","(4) Mostly equivalent, but some unimportant details differ.","","","","",""
"3D42WVSDH89ZR6APZ0J2UGOKNYFFYR","307S2DJ7IZ4QU0RW6NWHM8UDBS2A17","Compare the Meaning of Two Statements (v.2.5.15)","Compare two statements and rate how similar they are in meaning to each other.","Statements, Comparison, Semantics, Meaning, Similarity, Sentences, Text, Rating","$0.25","Wed Jan 07 10:03:58 GMT 2015","2","BatchId:1782133;","1800","172800","Wed Jan 14 10:03:58 GMT 2015","","","338JKRMM27DKV41L4MYNIZD92UQAHV","AGMJL8K9OMU64","Submitted","Wed Jan 07 10:32:30 GMT 2015","Wed Jan 07 10:34:12 GMT 2015","Fri Jan 09 02:34:12 PST 2015","","","","102","0% (0/0)","0% (0/0)","0% (0/0)","Despite the fact that many people are ignorant of the effort made by the man. But I think that he is the only one who follows the right way. Though this was not free from some mistakes and lapses.","Despite the fact that many people are ignorant of the effort made by the man. But I think that he is the only one who follows the right way. And that this was not free from some of the mistakes and lapses.","Syria opposition pressed to attend talks","Syria opposition voices frustration with international backers","Syrian opposition agree to landmark peace talks","Syria opposition pressed to attend talks","Taliban attack presidential palace in Afghanistan","All gunmen in attack on Afghan presidential palace killed","Prince Charles 'compares Putin to Hitler'","Prince Charles 'compares Vladimir Putin to Adolf Hitler'","(4) Mostly equivalent, but some unimportant details differ.","(2) Not equivalent, but share some details.","(2) Not equivalent, but share some details.","(1) Not equivalent, but are on the same topic.","(5) Completely equivalent, as they mean the same thing.","","","","",""
"3D42WVSDH89ZR6APZ0J2UGOKNYFFYR","307S2DJ7IZ4QU0RW6NWHM8UDBS2A17","Compare the Meaning of Two Statements (v.2.5.15)","Compare two statements and rate how similar they are in meaning to each other.","Statements, Comparison, Semantics, Meaning, Similarity, Sentences, Text, Rating","$0.25","Wed Jan 07 10:03:58 GMT 2015","2","BatchId:1782133;","1800","172800","Wed Jan 14 10:03:58 GMT 2015","","","3KIBXJ1WD680ZYWUKQ62WMD6JSXKO7","A1KGCOR8OXYR72","Submitted","Wed Jan 07 10:39:48 GMT 2015","Wed Jan 07 10:40:30 GMT 2015","Fri Jan 09 02:40:30 PST 2015","","","","42","100% (44/44)","100% (27/27)","0% (0/0)","Despite the fact that many people are ignorant of the effort made by the man. But I think that he is the only one who follows the right way. Though this was not free from some mistakes and lapses.","Despite the fact that many people are ignorant of the effort made by the man. But I think that he is the only one who follows the right way. And that this was not free from some of the mistakes and lapses.","Syria opposition pressed to attend talks","Syria opposition voices frustration with international backers","Syrian opposition agree to landmark peace talks","Syria opposition pressed to attend talks","Taliban attack presidential palace in Afghanistan","All gunmen in attack on Afghan presidential palace killed","Prince Charles 'compares Putin to Hitler'","Prince Charles 'compares Vladimir Putin to Adolf Hitler'","(5) Completely equivalent, as they mean the same thing.","(1) Not equivalent, but are on the same topic.","(4) Mostly equivalent, but some unimportant details differ.","(2) Not equivalent, but share some details.","(5) Completely equivalent, as they mean the same thing.","","","","",""
"3VP28W7DUNYZWWKUVMLL8NXMTSJFZI","307S2DJ7IZ4QU0RW6NWHM8UDBS2A17","Compare the Meaning of Two Statements (v.2.5.15)","Compare two statements and rate how similar they are in meaning to each other.","Statements, Comparison, Semantics, Meaning, Similarity, Sentences, Text, Rating","$0.25","Wed Jan 07 10:03:58 GMT 2015","2","BatchId:1782133;","1800","172800","Wed Jan 14 10:03:58 GMT 2015","","","33TIN5LC05OSCGH5MGOB84XSM8K9YD","AGMJL8K9OMU64","Submitted","Wed Jan 07 10:25:16 GMT 2015","Wed Jan 07 10:26:49 GMT 2015","Fri Jan 09 02:26:49 PST 2015","","","","93","0% (0/0)","0% (0/0)","0% (0/0)","What the Papers Say, May 20, 2013","What the Papers Say, Nov. 19, 2013","the 25 page long report asserted that out of the 18 goals , the government of al-maliki achieved only 8 , two of which were deemed "" weak . ""","it was stated in the write up , released in twenty-five pages , that al-maliki 's regime accomplished only eight of eighteen objectives , 2 of which were scored "" weak "" .","What the Papers Say, Aug. 19, 2013","What the Papers Say, Dec. 30, 2013","Thai protesters disrupt early voting for disputed election","Thai protest leader shot dead outside polling station","Toronto mayor Rob Ford in extraordinary crack cocaine confession","Toronto Mayor Rob Ford denies crack cocaine allegations","(3) Roughly equivalent, but some important information differs/missing.","(5) Completely equivalent, as they mean the same thing.","(3) Roughly equivalent, but some important information differs/missing.","(2) Not equivalent, but share some details.","(3) Roughly equivalent, but some important information differs/missing.","","","","",""
"3VP28W7DUNYZWWKUVMLL8NXMTSJFZI","307S2DJ7IZ4QU0RW6NWHM8UDBS2A17","Compare the Meaning of Two Statements (v.2.5.15)","Compare two statements and rate how similar they are in meaning to each other.","Statements, Comparison, Semantics, Meaning, Similarity, Sentences, Text, Rating","$0.25","Wed Jan 07 10:03:58 GMT 2015","2","BatchId:1782133;","1800","172800","Wed Jan 14 10:03:58 GMT 2015","","","3V26SBZTBES7NX9NM0KTZZ8N75DZZA","A1KGCOR8OXYR72","Submitted","Wed Jan 07 10:27:47 GMT 2015","Wed Jan 07 10:28:46 GMT 2015","Fri Jan 09 02:28:46 PST 2015","","","","59","100% (44/44)","100% (27/27)","0% (0/0)","What the Papers Say, May 20, 2013","What the Papers Say, Nov. 19, 2013","the 25 page long report asserted that out of the 18 goals , the government of al-maliki achieved only 8 , two of which were deemed "" weak . ""","it was stated in the write up , released in twenty-five pages , that al-maliki 's regime accomplished only eight of eighteen objectives , 2 of which were scored "" weak "" .","What the Papers Say, Aug. 19, 2013","What the Papers Say, Dec. 30, 2013","Thai protesters disrupt early voting for disputed election","Thai protest leader shot dead outside polling station","Toronto mayor Rob Ford in extraordinary crack cocaine confession","Toronto Mayor Rob Ford denies crack cocaine allegations","(1) Not equivalent, but are on the same topic.","(5) Completely equivalent, as they mean the same thing.","(1) Not equivalent, but are on the same topic.","(1) Not equivalent, but are on the same topic.","(3) Roughly equivalent, but some important information differs/missing.","","","","",""
"31JUPBOORNI6CST387O6QG52RFYL8O","307S2DJ7IZ4QU0RW6NWHM8UDBS2A17","Compare the Meaning of Two Statements (v.2.5.15)","Compare two statements and rate how similar they are in meaning to each other.","Statements, Comparison, Semantics, Meaning, Similarity, Sentences, Text, Rating","$0.25","Wed Jan 07 10:03:59 GMT 2015","2","BatchId:1782133;","1800","172800","Wed Jan 14 10:03:59 GMT 2015","","","34Q075JO1YRDQGIPAVY916LPCJI01V","AGMJL8K9OMU64","Submitted","Wed Jan 07 10:31:15 GMT 2015","Wed Jan 07 10:32:30 GMT 2015","Fri Jan 09 02:32:30 PST 2015","","","","75","0% (0/0)","0% (0/0)","0% (0/0)","A black dog catches a tennis ball in his mouth while a white dog watches.","A black dog jumps to catch a ball in his mouth near a rock wall.","Close-up of a hummingbird.","A closeup of a hummingbird flying.","A black and white dog running in a snowy park.","A black and white dog is jumping in the snow at a park.","A black and white dog is running in grass carring a big stick.","A black and white dog is playing in a pond or creek.","I laughed right when I heard his words. What can you do with ten thousand yuan?","i laughed when i heard his words . "" what could you do with only 10,000 yuan ( chinese dollars ) ? "" i asked .","(2) Not equivalent, but share some details.","(3) Roughly equivalent, but some important information differs/missing.","(3) Roughly equivalent, but some important information differs/missing.","(2) Not equivalent, but share some details.","(4) Mostly equivalent, but some unimportant details differ.","","","","",""
"31JUPBOORNI6CST387O6QG52RFYL8O","307S2DJ7IZ4QU0RW6NWHM8UDBS2A17","Compare the Meaning of Two Statements (v.2.5.15)","Compare two statements and rate how similar they are in meaning to each other.","Statements, Comparison, Semantics, Meaning, Similarity, Sentences, Text, Rating","$0.25","Wed Jan 07 10:03:59 GMT 2015","2","BatchId:1782133;","1800","172800","Wed Jan 14 10:03:59 GMT 2015","","","3MYYFCXHJ4LRTJQTBF6EKWF8VKHG4R","A166A2M31CW2C7","Submitted","Wed Jan 07 10:33:55 GMT 2015","Wed Jan 07 10:36:54 GMT 2015","Fri Jan 09 02:36:54 PST 2015","","","","179","100% (81/81)","100% (81/81)","0% (0/0)","A black dog catches a tennis ball in his mouth while a white dog watches.","A black dog jumps to catch a ball in his mouth near a rock wall.","Close-up of a hummingbird.","A closeup of a hummingbird flying.","A black and white dog running in a snowy park.","A black and white dog is jumping in the snow at a park.","A black and white dog is running in grass carring a big stick.","A black and white dog is playing in a pond or creek.","I laughed right when I heard his words. What can you do with ten thousand yuan?","i laughed when i heard his words . "" what could you do with only 10,000 yuan ( chinese dollars ) ? "" i asked .","(3) Roughly equivalent, but some important information differs/missing.","(3) Roughly equivalent, but some important information differs/missing.","(4) Mostly equivalent, but some unimportant details differ.","(3) Roughly equivalent, but some important information differs/missing.","(4) Mostly equivalent, but some unimportant details differ.","","","","",""
"356ZPKYPUHVBIJZJD3F76A2OP41PY3","307S2DJ7IZ4QU0RW6NWHM8UDBS2A17","Compare the Meaning of Two Statements (v.2.5.15)","Compare two statements and rate how similar they are in meaning to each other.","Statements, Comparison, Semantics, Meaning, Similarity, Sentences, Text, Rating","$0.25","Wed Jan 07 10:03:59 GMT 2015","2","BatchId:1782133;","1800","172800","Wed Jan 14 10:03:59 GMT 2015","","","369J354OFEO586U7U3ZTHUZMRBNG6C","A1KGCOR8OXYR72","Submitted","Wed Jan 07 10:36:13 GMT 2015","Wed Jan 07 10:38:16 GMT 2015","Fri Jan 09 02:38:16 PST 2015","","","","123","100% (44/44)","100% (27/27)","0% (0/0)","A brown dog walks in the grass with it's tongue hanging out.","A grey dog walks in the green grass, tongue hanging out.","A brown dog chews on an orange ball.","A dog has an orange ball in its mouth.","A dog in a car.","A black and tan dog sleeps in the car.","Results of the 2001 Aboriginal Peoples Survey released yesterday by Statistics Canada suggest living standards have improved but still lag for those off reserves.","The 2001 Aboriginal Peoples Survey released Wednesday by Statistics Canada says living standards have improved but still lag for the Inuit and those who leave their often impoverished reserves.","A black, brown and white dog running through a field.","A white and brown dog runs in a field.","(3) Roughly equivalent, but some important information differs/missing.","(4) Mostly equivalent, but some unimportant details differ.","(4) Mostly equivalent, but some unimportant details differ.","(5) Completely equivalent, as they mean the same thing.","(3) Roughly equivalent, but some important information differs/missing.","","","","",""
"356ZPKYPUHVBIJZJD3F76A2OP41PY3","307S2DJ7IZ4QU0RW6NWHM8UDBS2A17","Compare the Meaning of Two Statements (v.2.5.15)","Compare two statements and rate how similar they are in meaning to each other.","Statements, Comparison, Semantics, Meaning, Similarity, Sentences, Text, Rating","$0.25","Wed Jan 07 10:03:59 GMT 2015","2","BatchId:1782133;","1800","172800","Wed Jan 14 10:03:59 GMT 2015","","","3I2PTA7R3U83KA9AZ3Y6LR86YTFKQF","AGMJL8K9OMU64","Submitted","Wed Jan 07 10:40:34 GMT 2015","Wed Jan 07 10:45:17 GMT 2015","Fri Jan 09 02:45:17 PST 2015","","","","283","0% (0/0)","0% (0/0)","0% (0/0)","A brown dog walks in the grass with it's tongue hanging out.","A grey dog walks in the green grass, tongue hanging out.","A brown dog chews on an orange ball.","A dog has an orange ball in its mouth.","A dog in a car.","A black and tan dog sleeps in the car.","Results of the 2001 Aboriginal Peoples Survey released yesterday by Statistics Canada suggest living standards have improved but still lag for those off reserves.","The 2001 Aboriginal Peoples Survey released Wednesday by Statistics Canada says living standards have improved but still lag for the Inuit and those who leave their often impoverished reserves.","A black, brown and white dog running through a field.","A white and brown dog runs in a field.","(3) Roughly equivalent, but some important information differs/missing.","(4) Mostly equivalent, but some unimportant details differ.","(3) Roughly equivalent, but some important information differs/missing.","(3) Roughly equivalent, but some important information differs/missing.","(3) Roughly equivalent, but some important information differs/missing.","","","","",""
"3PIOQ99R7Y0UYP31NN5QZ0RGT1QNU8","307S2DJ7IZ4QU0RW6NWHM8UDBS2A17","Compare the Meaning of Two Statements (v.2.5.15)","Compare two statements and rate how similar they are in meaning to each other.","Statements, Comparison, Semantics, Meaning, Similarity, Sentences, Text, Rating","$0.25","Wed Jan 07 10:03:59 GMT 2015","2","BatchId:1782133;","1800","172800","Wed Jan 14 10:03:59 GMT 2015","","","3AMYWKA6YC0T0JB5IMC1M38OIXEO67","AGMJL8K9OMU64","Submitted","Wed Jan 07 10:37:09 GMT 2015","Wed Jan 07 10:38:08 GMT 2015","Fri Jan 09 02:38:08 PST 2015","","","","59","0% (0/0)","0% (0/0)","0% (0/0)","A large black dog runs along the green grass.","A gray dog runs along the green grass.","A target is being hit with gun fire.","The target was being shot with bullets.","A man sits by a dock looking at the water.","A man jumps off a rock into the water","A man and a woman looking at the camera.","A man and a woman laughing.","A man playing fetch with two brown dogs.","A woman plays with a brown dog.","(2) Not equivalent, but share some details.","(4) Mostly equivalent, but some unimportant details differ.","(2) Not equivalent, but share some details.","(2) Not equivalent, but share some details.","(2) Not equivalent, but share some details.","","","","",""
"3PIOQ99R7Y0UYP31NN5QZ0RGT1QNU8","307S2DJ7IZ4QU0RW6NWHM8UDBS2A17","Compare the Meaning of Two Statements (v.2.5.15)","Compare two statements and rate how similar they are in meaning to each other.","Statements, Comparison, Semantics, Meaning, Similarity, Sentences, Text, Rating","$0.25","Wed Jan 07 10:03:59 GMT 2015","2","BatchId:1782133;","1800","172800","Wed Jan 14 10:03:59 GMT 2015","","","3LRLIPTPERNBXU2TA71KVRT1UBTKA8","A166A2M31CW2C7","Submitted","Wed Jan 07 10:25:41 GMT 2015","Wed Jan 07 10:28:25 GMT 2015","Fri Jan 09 02:28:25 PST 2015","","","","164","100% (81/81)","100% (81/81)","0% (0/0)","A large black dog runs along the green grass.","A gray dog runs along the green grass.","A target is being hit with gun fire.","The target was being shot with bullets.","A man sits by a dock looking at the water.","A man jumps off a rock into the water","A man and a woman looking at the camera.","A man and a woman laughing.","A man playing fetch with two brown dogs.","A woman plays with a brown dog.","(1) Not equivalent, but are on the same topic.","(5) Completely equivalent, as they mean the same thing.","(2) Not equivalent, but share some details.","(3) Roughly equivalent, but some important information differs/missing.","(3) Roughly equivalent, but some important information differs/missing.","","","","",""
"3NRZ1LDP7WKBN99O9PHQKHBQVY5PZU","307S2DJ7IZ4QU0RW6NWHM8UDBS2A17","Compare the Meaning of Two Statements (v.2.5.15)","Compare two statements and rate how similar they are in meaning to each other.","Statements, Comparison, Semantics, Meaning, Similarity, Sentences, Text, Rating","$0.25","Wed Jan 07 10:03:59 GMT 2015","2","BatchId:1782133;","1800","172800","Wed Jan 14 10:03:59 GMT 2015","","","39GXDJN2OUSBUH3QCDVD19YNKL0V81","AGMJL8K9OMU64","Submitted","Wed Jan 07 10:34:13 GMT 2015","Wed Jan 07 10:35:13 GMT 2015","Fri Jan 09 02:35:13 PST 2015","","","","60","0% (0/0)","0% (0/0)","0% (0/0)","A young girl in swim goggles does the backstroke in a pool.","A girl does the backstroke in the pool.","an agent actively (yet not always with success) attempts to keep an event from taking place. this event is (usually) an urge which encourages the action that the agent wishes to prevent.","abstain from doing; always used with a negative;","A woman and a dog standing in the grass.","A man carries a sign while standing in the rain.","A young child slides down an orange slide.","A little boy in denim overalls slides down an orange slide.","A woman is sitting on a sidewalk with a cell phone at her ear.","A woman is riding her bicycle.","(4) Mostly equivalent, but some unimportant details differ.","(0) On different topics.","(0) On different topics.","(3) Roughly equivalent, but some important information differs/missing.","(0) On different topics.","","","","",""
"3NRZ1LDP7WKBN99O9PHQKHBQVY5PZU","307S2DJ7IZ4QU0RW6NWHM8UDBS2A17","Compare the Meaning of Two Statements (v.2.5.15)","Compare two statements and rate how similar they are in meaning to each other.","Statements, Comparison, Semantics, Meaning, Similarity, Sentences, Text, Rating","$0.25","Wed Jan 07 10:03:59 GMT 2015","2","BatchId:1782133;","1800","172800","Wed Jan 14 10:03:59 GMT 2015","","","3RJSC4XJ118CEYJ8BI0L4WY6OZN05D","A166A2M31CW2C7","Submitted","Wed Jan 07 10:36:55 GMT 2015","Wed Jan 07 10:39:29 GMT 2015","Fri Jan 09 02:39:29 PST 2015","","","","154","100% (81/81)","100% (81/81)","0% (0/0)","A young girl in swim goggles does the backstroke in a pool.","A girl does the backstroke in the pool.","an agent actively (yet not always with success) attempts to keep an event from taking place. this event is (usually) an urge which encourages the action that the agent wishes to prevent.","abstain from doing; always used with a negative;","A woman and a dog standing in the grass.","A man carries a sign while standing in the rain.","A young child slides down an orange slide.","A little boy in denim overalls slides down an orange slide.","A woman is sitting on a sidewalk with a cell phone at her ear.","A woman is riding her bicycle.","(4) Mostly equivalent, but some unimportant details differ.","(0) On different topics.","(0) On different topics.","(3) Roughly equivalent, but some important information differs/missing.","(0) On different topics.","","","","",""
"3IVKZBIBJ0NM9GPMVKFDFFCWMSVSHN","307S2DJ7IZ4QU0RW6NWHM8UDBS2A17","Compare the Meaning of Two Statements (v.2.5.15)","Compare two statements and rate how similar they are in meaning to each other.","Statements, Comparison, Semantics, Meaning, Similarity, Sentences, Text, Rating","$0.25","Wed Jan 07 10:03:59 GMT 2015","2","BatchId:1782133;","1800","172800","Wed Jan 14 10:03:59 GMT 2015","","","31QTRG6Q2URD43XC35K8UUX7RC2PYO","A1KGCOR8OXYR72","Submitted","Wed Jan 07 10:38:20 GMT 2015","Wed Jan 07 10:39:44 GMT 2015","Fri Jan 09 02:39:44 PST 2015","","","","84","100% (44/44)","100% (27/27)","0% (0/0)","Two dogs are running through a small pond","Two dogs are running quickly through a park.","a current_instance of a certain type is under discussion. this instance is evaluated as being the same instance or a different instance from a previous_instance encountered in a previous_context.","unlike in nature or quality or form or degree;","Two black dogs are playing with an orange stuffed dog toy.","Two black dogs are playing tug-of-war with an orange toy.","Man and child skiing.","A child goes skiing.","Children are playing on a trampoline in the snow.","Several children and jumping on a trampoline in the snow.","(3) Roughly equivalent, but some important information differs/missing.","(0) On different topics.","(4) Mostly equivalent, but some unimportant details differ.","(3) Roughly equivalent, but some important information differs/missing.","(5) Completely equivalent, as they mean the same thing.","","","","",""
"3IVKZBIBJ0NM9GPMVKFDFFCWMSVSHN","307S2DJ7IZ4QU0RW6NWHM8UDBS2A17","Compare the Meaning of Two Statements (v.2.5.15)","Compare two statements and rate how similar they are in meaning to each other.","Statements, Comparison, Semantics, Meaning, Similarity, Sentences, Text, Rating","$0.25","Wed Jan 07 10:03:59 GMT 2015","2","BatchId:1782133;","1800","172800","Wed Jan 14 10:03:59 GMT 2015","","","37M28K1J0RRGMAWBSM18UCTOFMUAJ0","AGMJL8K9OMU64","Submitted","Wed Jan 07 10:38:08 GMT 2015","Wed Jan 07 10:38:58 GMT 2015","Fri Jan 09 02:38:58 PST 2015","","","","50","0% (0/0)","0% (0/0)","0% (0/0)","Two dogs are running through a small pond","Two dogs are running quickly through a park.","a current_instance of a certain type is under discussion. this instance is evaluated as being the same instance or a different instance from a previous_instance encountered in a previous_context.","unlike in nature or quality or form or degree;","Two black dogs are playing with an orange stuffed dog toy.","Two black dogs are playing tug-of-war with an orange toy.","Man and child skiing.","A child goes skiing.","Children are playing on a trampoline in the snow.","Several children and jumping on a trampoline in the snow.","(2) Not equivalent, but share some details.","(0) On different topics.","(3) Roughly equivalent, but some important information differs/missing.","(3) Roughly equivalent, but some important information differs/missing.","(4) Mostly equivalent, but some unimportant details differ.","","","","",""
"3KG2UQJ0MJ226WWK6ELLPZURQGKQN6","307S2DJ7IZ4QU0RW6NWHM8UDBS2A17","Compare the Meaning of Two Statements (v.2.5.15)","Compare two statements and rate how similar they are in meaning to each other.","Statements, Comparison, Semantics, Meaning, Similarity, Sentences, Text, Rating","$0.25","Wed Jan 07 10:03:59 GMT 2015","2","BatchId:1782133;","1800","172800","Wed Jan 14 10:03:59 GMT 2015","","","32Q90QCQ1TZEN7J5QC36RAJSFQREKX","AGMJL8K9OMU64","Submitted","Wed Jan 07 10:18:10 GMT 2015","Wed Jan 07 10:19:33 GMT 2015","Fri Jan 09 02:19:33 PST 2015","","","","83","0% (0/0)","0% (0/0)","0% (0/0)","Hurricane Sandy makes landfall in southeastern Jamaica: NHC","Hurricane Sandy reaches Jamaica","Two dogs share a toy in a field of vegetation.","Two snowboarders are in the air over the snow.","Two people are in bed.","Two boxers are in the ring.","Two teenagers huddle in a doorway in the rain.","Two people wearing hoodies huddle on a doorstep in the rain.","Two people walking along the shore at sunset.","Two people walking along the beach at sunset towarn a group of people.","(3) Roughly equivalent, but some important information differs/missing.","(0) On different topics.","(0) On different topics.","(2) Not equivalent, but share some details.","(2) Not equivalent, but share some details.","","","","",""
"3KG2UQJ0MJ226WWK6ELLPZURQGKQN6","307S2DJ7IZ4QU0RW6NWHM8UDBS2A17","Compare the Meaning of Two Statements (v.2.5.15)","Compare two statements and rate how similar they are in meaning to each other.","Statements, Comparison, Semantics, Meaning, Similarity, Sentences, Text, Rating","$0.25","Wed Jan 07 10:03:59 GMT 2015","2","BatchId:1782133;","1800","172800","Wed Jan 14 10:03:59 GMT 2015","","","3YWRV122CTDBH2EQ7NL85NW46ERU8B","A3JK99OZS99V3M","Submitted","Wed Jan 07 10:13:44 GMT 2015","Wed Jan 07 10:14:41 GMT 2015","Fri Jan 09 02:14:41 PST 2015","","","","57","100% (30/30)","100% (30/30)","0% (0/0)","Hurricane Sandy makes landfall in southeastern Jamaica: NHC","Hurricane Sandy reaches Jamaica","Two dogs share a toy in a field of vegetation.","Two snowboarders are in the air over the snow.","Two people are in bed.","Two boxers are in the ring.","Two teenagers huddle in a doorway in the rain.","Two people wearing hoodies huddle on a doorstep in the rain.","Two people walking along the shore at sunset.","Two people walking along the beach at sunset towarn a group of people.","(3) Roughly equivalent, but some important information differs/missing.","(0) On different topics.","(0) On different topics.","(3) Roughly equivalent, but some important information differs/missing.","(3) Roughly equivalent, but some important information differs/missing.","","","","",""
"31N9JPQXIPWPT3XHNOYRGL2QZTNNH6","307S2DJ7IZ4QU0RW6NWHM8UDBS2A17","Compare the Meaning of Two Statements (v.2.5.15)","Compare two statements and rate how similar they are in meaning to each other.","Statements, Comparison, Semantics, Meaning, Similarity, Sentences, Text, Rating","$0.25","Wed Jan 07 10:03:59 GMT 2015","2","BatchId:1782133;","1800","172800","Wed Jan 14 10:03:59 GMT 2015","","","304SM51WA4IE4NKTLUAIHO4HTNRSBS","AGMJL8K9OMU64","Submitted","Wed Jan 07 10:21:36 GMT 2015","Wed Jan 07 10:22:46 GMT 2015","Fri Jan 09 02:22:46 PST 2015","","","","70","0% (0/0)","0% (0/0)","0% (0/0)","I'm facing a similar situation; being Danish and living in (German-speaking) Austria.","An alternative would be to expose her solely or additionally to Hindi in daycare.","Juror: Sandusky appeared to accept his fate","Jerry Sandusky convicted of child sexual abuse","Woman playing tennis and hitting the ball.","A woman is playing volley ball.","Young boys running along the pavement.","A black dog running along the edge of the ocean.","3 is in the set of integers but not in the set of even numbers.","This is not a mathematical argument, so no mathematical response is necessary.","(0) On different topics.","(2) Not equivalent, but share some details.","(2) Not equivalent, but share some details.","(0) On different topics.","(1) Not equivalent, but are on the same topic.","","","","",""
"31N9JPQXIPWPT3XHNOYRGL2QZTNNH6","307S2DJ7IZ4QU0RW6NWHM8UDBS2A17","Compare the Meaning of Two Statements (v.2.5.15)","Compare two statements and rate how similar they are in meaning to each other.","Statements, Comparison, Semantics, Meaning, Similarity, Sentences, Text, Rating","$0.25","Wed Jan 07 10:03:59 GMT 2015","2","BatchId:1782133;","1800","172800","Wed Jan 14 10:03:59 GMT 2015","","","31HQ4X3T3TOQHW65C7ZCVR0M5H5SLF","A166A2M31CW2C7","Submitted","Wed Jan 07 10:31:30 GMT 2015","Wed Jan 07 10:33:54 GMT 2015","Fri Jan 09 02:33:54 PST 2015","","","","144","100% (81/81)","100% (81/81)","0% (0/0)","I'm facing a similar situation; being Danish and living in (German-speaking) Austria.","An alternative would be to expose her solely or additionally to Hindi in daycare.","Juror: Sandusky appeared to accept his fate","Jerry Sandusky convicted of child sexual abuse","Woman playing tennis and hitting the ball.","A woman is playing volley ball.","Young boys running along the pavement.","A black dog running along the edge of the ocean.","3 is in the set of integers but not in the set of even numbers.","This is not a mathematical argument, so no mathematical response is necessary.","(0) On different topics.","(4) Mostly equivalent, but some unimportant details differ.","(1) Not equivalent, but are on the same topic.","(0) On different topics.","(0) On different topics.","","","","",""